{
  "0": {
    "download": {
      "start": 2.002716064453125e-05,
      "end": 7.506721019744873
    },
    "encrypt": {
      "start": 7.506857872009277,
      "end": 16.286946773529053
    },
    "upload": {
      "start": 16.28696870803833,
      "end": 23.82986092567444
    }
  },
  "1": {
    "download": {
      "start": 23.829946756362915,
      "end": 48.00369095802307
    },
    "encrypt": {
      "start": 48.00373888015747,
      "end": 74.10656595230103
    },
    "upload": {
      "start": 74.10659098625183,
      "end": 107.03520369529724
    }
  },
  "2": {
    "download": {
      "start": 107.03527975082397,
      "end": 122.15107488632202
    },
    "encrypt": {
      "start": 122.15111875534058,
      "end": 133.27189588546753
    },
    "upload": {
      "start": 133.27192401885986,
      "end": 141.4488558769226
    }
  },
  "3": {
    "download": {
      "start": 141.44895482063293,
      "end": 149.6975338459015
    },
    "encrypt": {
      "start": 149.6975679397583,
      "end": 160.49460673332214
    },
    "upload": {
      "start": 160.49463391304016,
      "end": 185.85209608078003
    }
  },
  "4": {
    "download": {
      "start": 185.85219287872314,
      "end": 202.90925788879395
    },
    "encrypt": {
      "start": 202.90929794311523,
      "end": 228.68101406097412
    },
    "upload": {
      "start": 228.68104195594788,
      "end": 249.94930791854858
    }
  },
  "5": {
    "download": {
      "start": 249.94939184188843,
      "end": 262.46624088287354
    },
    "encrypt": {
      "start": 262.4662878513336,
      "end": 278.31934785842896
    },
    "upload": {
      "start": 278.3193738460541,
      "end": 298.38617396354675
    }
  },
  "6": {
    "download": {
      "start": 298.38626194000244,
      "end": 307.4083321094513
    },
    "encrypt": {
      "start": 307.40837597846985,
      "end": 316.9389638900757
    },
    "upload": {
      "start": 316.9389879703522,
      "end": 332.60740184783936
    }
  },
  "7": {
    "download": {
      "start": 332.6074848175049,
      "end": 346.7954668998718
    },
    "encrypt": {
      "start": 346.7955310344696,
      "end": 360.48959493637085
    },
    "upload": {
      "start": 360.4896159172058,
      "end": 368.89879083633423
    }
  },
  "8": {
    "download": {
      "start": 368.8988628387451,
      "end": 383.04440808296204
    },
    "encrypt": {
      "start": 383.04446387290955,
      "end": 394.84112882614136
    },
    "upload": {
      "start": 394.84115195274353,
      "end": 407.082151889801
    }
  }
}