{
  "0": {
    "download": {
      "start": 2.2172927856445312e-05,
      "end": 5.043980121612549
    },
    "encrypt": {
      "start": 5.0440452098846436,
      "end": 14.200297117233276
    },
    "upload": {
      "start": 14.200321197509766,
      "end": 33.21606516838074
    }
  },
  "1": {
    "download": {
      "start": 33.21609616279602,
      "end": 54.569629192352295
    },
    "encrypt": {
      "start": 54.569674015045166,
      "end": 77.54791116714478
    },
    "upload": {
      "start": 77.5479371547699,
      "end": 141.89920616149902
    }
  },
  "2": {
    "download": {
      "start": 141.8992199897766,
      "end": 147.94324111938477
    },
    "encrypt": {
      "start": 147.94329714775085,
      "end": 154.50140523910522
    },
    "upload": {
      "start": 154.50143909454346,
      "end": 168.66397905349731
    }
  },
  "3": {
    "download": {
      "start": 168.66399121284485,
      "end": 176.75178217887878
    },
    "encrypt": {
      "start": 176.75182819366455,
      "end": 193.2197561264038
    },
    "upload": {
      "start": 193.21977925300598,
      "end": 220.0698790550232
    }
  },
  "4": {
    "download": {
      "start": 220.06990218162537,
      "end": 236.05523324012756
    },
    "encrypt": {
      "start": 236.05528116226196,
      "end": 254.33022212982178
    },
    "upload": {
      "start": 254.33024716377258,
      "end": 282.99184918403625
    }
  },
  "5": {
    "download": {
      "start": 282.9918701648712,
      "end": 291.5119082927704
    },
    "encrypt": {
      "start": 291.5119502544403,
      "end": 304.83293533325195
    },
    "upload": {
      "start": 304.8329563140869,
      "end": 337.92998719215393
    }
  },
  "6": {
    "download": {
      "start": 337.9300003051758,
      "end": 343.9278652667999
    },
    "encrypt": {
      "start": 343.9279103279114,
      "end": 350.62231612205505
    },
    "upload": {
      "start": 350.6223542690277,
      "end": 371.1046781539917
    }
  },
  "7": {
    "download": {
      "start": 371.10469126701355,
      "end": 374.63123202323914
    },
    "encrypt": {
      "start": 374.6312839984894,
      "end": 380.12988924980164
    },
    "upload": {
      "start": 380.12991309165955,
      "end": 391.58420419692993
    }
  },
  "8": {
    "download": {
      "start": 391.58422017097473,
      "end": 403.30028533935547
    },
    "encrypt": {
      "start": 403.3003251552582,
      "end": 420.6450412273407
    },
    "upload": {
      "start": 420.6450650691986,
      "end": 447.872554063797
    }
  }
}