{
  "cpu_count": 8,
  "download_MB/s": 1.2458788836808576,
  "upload_MB/s": 0.8321259641198819
}